1 800 Flowers.com,1,,1 800 Flowers.com,,1-800-242-5353
1800PetSupplies.com,2,,1800PetSupplies.com,http://www.petsupplies.com/CS/GiftCard.aspx,1-800-738-7877
24 Hour Fitness,3,,24 Hour Fitness,,888-951-2597
5 & Diner,4,,5 & Diner,,480-962-7104
54th St Grill & Bar,5,,54th St Grill & Bar,https://54thstreetgrill.myguestaccount.com/login/accountbalance.srv?id=rF2B%2fXKTZhs%3d,(636) 287-8954
7 For All Mankind,6,,7 For All Mankind,http://www.7forallmankind.com/store/os/giftcardstatus.aspx?cid=linkshareaff&utm_source=linkshare&utm_medium=affiliate&siteID=TnL5HPStwNw-MU2IkYtnLVDeVt0edSCk3g,1-866-427-1114
7-Eleven,7,,7-Eleven,https://www.7-eleven.com/Cards/Gift-Cards/7-Eleven-Gift-Cards/,1-800-255-0711
76 Gas,8,,76 Gas,http://www.svmcards.net/76-gift-cards/ShowDetails.cfm?ProdID=246,1-877-526-6626
77kids,9,,77kids,https://www.ae.com/web/checkout/giftcards/giftCard.jsp?cid=aeo_aff_2617611,1-877-274-3004
99 Ranch Market,15,,99 Ranch Market,,
A Pea in the Pod,10,,A Pea in the Pod,,1-877-273-2763
A&P,11,,A&P,,800-219-0149
A&W,12,,A&W,,1-888-321-6375
A.C. Moore,13,178,A.C. Moore,http://www.acmoore.com/giftcard,1-888-226-6673
A.J. Wright,14,,A.J. Wright,,
Aaron Brothers,16,,Aaron Brothers,,
Abercrombie & Fitch,17,21,Abercrombie and Fitch,https://www.abercrombie.com/webapp/wcs/stores/servlet/GCLookup?storeId=10051&catalogId=10901&langId=-1,1-877-529-6991
Abercrombie Kids,18,,Abercrombie Kids,https://www.abercrombie.com/webapp/wcs/stores/servlet/GCLookup?storeId=10051&catalogId=10901&langId=-1,1-877-529-6991
Abuelo's,19,,Abuelo's,,(219) 769-6181
AC Outlets,20,,AC Outlets,,
Academy Sports,21,137,Academy Sports,http://www.academy.com/webapp/wcs/stores/servlet/GiftCardCheckBalance?langId=-1&storeId=10151&catalogId=10051&icid=gc_balance_20140429,888-922-2336
Ace Hardware,22,,Ace Hardware,,888-749-1509
Acme,23,,Acme,,877-932-7948
Acme Fresh,24,,Acme Fresh,,
Adidas,25,211,Adidas,http://www.adidas.com/us/help-topics-gift-cards.html,1-800-982-9337
Advance Auto Parts,26,236,Advance Auto Parts,,1-800-476-6941
Aerie,27,,Aerie,https://www.ae.com/web/checkout/giftcards/giftCard.jsp?navdetail=footer:c1:p1&cid=aeo_aff_2617611,1-877-274-3004
Aeropostale,28,57,Aeropostale,https://www.aeropostale.com/checkout/index.jsp?process=giftcardBalance,1-877-289-2376
Aerosoles,29,,Aerosoles,http://www.aerosoles.com/store/giftcardBalance.jsp,1-800-798-9478
AJ Wright,30,,AJ Wright,,
Alamo Cinema ,31,,Alamo Cinema ,,
Albertsons,32,241,Albertsons,,1-877-932-7948
Aldo,33,,Aldo,https://www.aldoshoes.com/us/en_US/gift-card/balance?cm_mmc=Affiliate-_-LS2-_-10-_-TnL5HPStwNw&utm_source=affiliate&utm_medium=affiliate&utm_campaign=linkshare&siteID=TnL5HPStwNw-UUL6pohe7HBLfFcHijkZuA&viewAll=false&dclid=COakroLqocgCFYIdRQodaiwDuQ,1-888-818-2536
All Saints,35,,All Saints,,
Allen Edmonds,36,,Allen Edmonds,,1-877-817-7615
Alta Mere,37,,Alta Mere,,
Altar'd State,38,,Altar'd State,,
Amazon.com,34,12,Amazon,Requires account login,
AMC Theatres,39,109,AMC Theatres,https://www.amcnationalsales.com/Standard/balanceinquiry.aspx?AspxAutoDetectCookieSupport=1,1-800-462-3966
American Airlines,40,19,American Airlines,https://giftcards.aa.com/checkBalanceCustomer.jsp,1-800-291-8189
American Apparel,41,,American Apparel,https://www.americanapparel.net/storefront/giftcardus/,1-888-747-0070
American Eagle Outfitters,42,79,American Eagle Outfitters,http://www.ae.com/web/checkout/giftcards/giftCard.jsp,1-800-699-5802
American Girl,43,312,American Girl,http://store.americangirl.com/agshop/static/giftCard.jsp,1-800-360-1861
American Golf,44,,American Golf,,
AMF Bowling Centers,45,,AMF Bowling Centers,http://www.amf.com/amf-bowling-gift-card-shopping-cart,
Ann Taylor,46,60,Ann Taylor,https://www.anntaylor.com/giftCard.jsp?cid=g_ps_brd&gclid=CN-qzOWYvqsCFQx3gwodjXhVsA&CID=aff_7103042,1-888-808-5019
Anne Klein,48,,Anne Klein,,1-888-841-2229
Annie Sez,49,,Annie Sez,,1-800-969-2446
Anthony's Restaurant ,50,,Anthony's Restaurant ,,
Anthropologie,51,255,Anthropologie,,1-800-920-5656
Any Mountain,53,,Any Mountain,,
Apple Store (not iTunes),55,14,Apple Store (not iTunes),https://secure1.store.apple.com/us/giftcard/balance,1-888-320-3301
Applebee's,56,117,Applebee's,http://www.applebees.com/gift-cards,1-855-282-3663
Arby's,57,323,Arbys,None,1-800-699-5802
ARCO,58,229,Arco,Unknown,1-877-227-3288
Arden B.,59,,Arden B.,http://www.wetseal.com/GiftCards,1-877-293-4444
Arirang Hibachi,60,,Arirang Hibachi,,
Aritzia,61,,Aritzia,,
Armani Exchange,62,313,Armani Exchange,https://www.armaniexchange.com/common/checkDVGCBalance.do?method=view,1-866-451-6910
Arriba Mexican Grill,63,,Arriba Mexican Grill,,480-948-9969
Art of Shaving,64,,Art of Shaving,,
Ashley Stewart,65,,Ashley Stewart,,1-888-716-5803
Asics,66,,Asics,,
AT&T,67,,AT&T,https://rewardcenter.att.com/CardBalance.aspx,(800)288-9983
Athleta,68,291,Athleta,"http://athleta.gap.com/browse/info.do?cid=52564&mlink=55287,8574355,12&clink=8574355",1-877-328-4538
Atlanta Bread,69,,Atlanta Bread,https://checkbalance.rewardforloyalty.com/abcGift/,770-432-0933
Au Bon Pain,70,359,Au Bon Pain,http://aubonpain.com/gift-card-balance,1-877-728-4100
Auntie Annes,71,,Auntie Annes,,717-435-1714
AutoZone,72,230,Autozone,http://www.autozone.com/shopping/cardBalanceInquiry.jsp,
Aveda,73,,Aveda,http://www.aveda.com/giftcards/balance.tmpl,1-800-644-4831
Avenue,74,,Avenue,http://www.avenue.com/en_US/landing?cgid=gift-cards,
Avis,75,,Avis,,877-467-8471
Avon,76,,Avon,,800-500-2866
B&H,77,,B&H,,
"Babies""R""Us",78,34,Babies R Us,https://www.toysrus.com/checkout/checkAccountBalance.jsp,1-800-869-7787
Baby Depot,79,,Baby Depot,,
Baby Gap,80,289,Baby Gap,"http://www.gap.com/customerService/info.do?cid=2116&mlink=5058,1615655,4&clink=1615655",800-427-7895
Back Bay Restaurant Group,81,,Back Bay Restaurant Group,https://tavistockrestaurants.myguestaccount.com/login/accountbalance.srv?id=Dsr%2fhEm8WGk%3d,(800) 424-2753
Bahama Breeze,82,90,Bahama Breeze,http://www.bahamabreeze.com/marketplace/gift_card/,1-800-248-2749
Baja Fresh,83,,Baja Fresh,http://www.bajafresh.com/gift-cards,877-225-2373
Bakers ,84,159,Baker's,https://www.gcbalance.com/CheckBalance.aspx,1-866-822-6252
Bakers Shoes,85,,Bakers Shoes,,
Ballard Designs,86,,Ballard Designs,https://www.ballarddesigns.com/GiftCardBalanceView?krypto=20T2bxLvp42xSTGuWuaTtw%3D%3D&redirect=y,888-892-3813
Banana Republic,87,48,Banana Republic,"http://bananarepublic.gap.com/customerService/info.do?cid=61830&mlink=5001,7727732,3&clink=7727732",1-888-277-8953
Barclay Jewelers,88,169,Barclay Jewelers,https://www.gcbalance.com/CheckBalance.aspx,1-866-822-6252
Bare Escentuals,89,,Bare Escentuals,,
Bare Minerals,90,347,Bare Minerals,None,888-795-4747
Barnes & Noble,91,95,Barnes and Noble,http://cart2.barnesandnoble.com/gc/gc_ViewBalance.asp,800-843-2665
Barneys New York,92,239,Barneys New York,,888-222-7639
Baskin Robbins,93,336,Baskin Robbins,None,888-729-2489
Bass,94,,Bass,,
Bass Pro Shops,95,30,Bass Pro Shops,http://www.basspro.com/webapp/wcs/stores/servlet/GiftCardHomeView?storeId=10151&langId=-1&catalogId=10051,800-494-1100
Bath & Body Works,96,40,Bath Body Works,None,800-640-6052
BCBGMAXAZRIA,97,,BCBGMAXAZRIA,,
Bealls,98,,Bealls,http://www.beallsflorida.com/online/content/giftcards?cm_mmc=cj-_-skimlinks-_-7103042-_-product+catalog&utm_medium=affiliate&utm_source=cj&utm_campaign=7103042&utm_content=10392296,800-569-9038
Bebe,99,222,bebe,http://www.bebe.com/content.jsp?pageName=GiftCardsLandingPage,877-232-3777
Bed & Breakfast,100,,Bed & Breakfast,https://giftcertificates.bedandbreakfast.com/CertificateLookup.aspx,
Bed Bath & Beyond,101,23,Bed Bath and Beyond,https://www.bedbathandbeyond.com/store/account/check_balance.jsp,800-462-3966
Belk,104,61,Belk,https://www.belk.com/shop/prod_details_gift_card_balance.jsp,800-474-6102
Bellacinos,105,,Bellacinos,,
Bellagio Hotel Las Vegas,106,,Bellagio Hotel Las Vegas,,
Belle Tire,107,,Belle Tire,http://www.belletire.com/gift-cards,888-462-3553
Ben & Jerrys,108,,Ben & Jerrys,,
Ben Bridge,109,,Ben Bridge,,
Benetton,110,,Benetton,,
Benihana,111,,Benihana,,800-706-4743 ext. 6254
Bennigan's,112,,Bennigan's,,
Bensi Ristorante Italiano,113,,Bensi Ristorante Italiano,,
Bergdorf Goodman,114,,Bergdorf Goodman,http://www.bergdorfgoodman.com/assistance/assistance.jsp?view=gift_card&ecid=BGALRTnL5HPStwNw,888-774-2424
Bergner's,115,342,Bergners,http://www.bergners.com/EGCBalance.html,None
Bertuccis,116,,Bertuccis,http://www.bertuccis.com/transaction-history,866-956-9974
Best Buy,117,7,Best Buy,https://www-ssl.bestbuy.com/site/olstemplatemapper.jsp?id=pcat17043&type=page,888-716-7994
Best Western,118,,Best Western,http://travelcard.bestwestern.com/travelcard/index.jsp?lang=en,877-227-3288
BevMo,119,,BevMo,,877-772-3866
Beyond the Rack,120,,Beyond the Rack,,
Biaggis,121,,Biaggis,https://biaggis.myguestaccount.com/login/accountbalance.srv?id=etfcGz0z4Gs%3d,
Big 5 Sporting Goods,122,269,Big 5 Sporting Goods,,800-898-2994
Big Boy,123,,Big Boy,,800-232-2020
Big Lots,124,238,Big Lots,,800-256-7573
Big Y World Class Market,125,,Big Y World Class Market,https://balance.worldpay.us/GLCardBalance.aspx,877-231-0549
Billabong,126,,Billabong,,
Billy Reid,127,,Billy Reid,,877-757-3934
BJ's Restaurant and Brewhouse,129,206,BJ's Restaurant Brewhouse,https://www.chasepaymentech.com/giftcardbalance/pages/inquiry.faces?rid=imZlnl,
BJ's Wholesale Club,128,,BJ's Wholesale Club,,800-971-3773
Black Angus Steakhouse,130,,Black Angus Steakhouse,https://www.blackangus.com/giftcards/default.aspx,800-242-5353
Blick Art Materials,131,,Blick Art Materials,,800-242-5353
Bliss Spa,132,,Bliss Spa,https://www.blissworld.com/gifts/gift/gift-cards-7271?siteID=TnL5HPStwNw-j69x25PJL0Sd6CcZ08Et.A,888-243-8825
Bloomingdale's,133,35,Bloomingdales,https://www.bloomingdales.com/service/gift/index.ognc,1-800-511-2752
Blue Wasabi,134,,Blue Wasabi,,480-722-9250
Bob Evans,135,,Bob Evans,https://www.bobevans.com/our-restaurants/gift-cards/check-balance,800-939-2338
Bob's Stores,136,,Bob's Stores,,866-333-2627
Bobs Furniture,137,337,Bobs Discount Furniture,None,1-800-723-2627
Body Central,138,,Body Central,,
BoJangles,139,,BoJangles,https://premierissue.53.com/main.html,
Bon-Ton,140,124,Bon-Ton,http://www.bonton.com/EGCBalance.html?utm_source=LSAFF&utm_medium=AFL&utm_campaign=LS&CID=LSAFF-AFL-LS&siteID=TnL5HPStwNw-SPqUQq4YIeVZOJwTE13v5g,1-866-875-3233
Bonanza/Ponderosa,141,,Bonanza/Ponderosa,https://bonanzaponderosasteakhouses.myguestaccount.com/customer/home.srv,
Bonefish Grill,142,101,Bonefish Grill,,800-242-5353
Books-A-Million,143,,Books-A-Million,,800-201-3550
Boomers,144,,Boomers,,
Boot Barn,145,,Boot Barn,,
Boscov's,146,247,Boscovs,,888-850-9964
Bose,147,338,Bose Electronics,http://www.bose.com/controller?url=/shop_online/gift_cards/index.jsp,None
Boston Market,148,218,Boston Market,http://www.bostonmarket.com/card?page=balance,800-454-7217
Boston Store,149,343,Boston Store,http://www.bostonstore.com/EGCBalance.html,None
Bostonian Shoe Stores,"1,084",360,Bostonian Shoe Stores,http://bostonian.clarksusa.com/eng/giftCard/redirect.cfm?sectionID=b2c/giftcards/giftCardCheckBalance_Form.cfm&removeNavigation=Y&var=d&ckey=US,800-211-5461
Boyds,150,,Boyds,,
BP Gas Card,151,71,BP Gas,http://www.svmcards.net/bp-gift-cards/ShowDetails.cfm?ProdID=132,800-519-3560
Braum's,152,,Braum's,,
Bravo! Cucina Italiano,153,,Bravo! Cucina Italiano,,888-452-7286
Brighton,154,,Brighton,http://www.brighton.com/Shop/GiftCard/Balance,888-558-0427
Brinker Restaurants,155,,Brinker Restaurants,https://brinkerstore.wgiftcard.com/card/balance/check/brinker/1,888-532-6092
Brio Italian,156,,Brio Italian,https://bravobrio.myguestaccount.com/login/accountbalance.srv?id=upjzlopZunQ%3d#giftcard,888-452-7286
Brooks Brothers,157,104,Brooks Brothers,"http://www.brooksbrothers.com/Gift-Cards/giftcards,default,pg.html",800-345-7118
Brookshires Food and Pharmacy,158,,Brookshires Food and Pharmacy,,888-937-3776
Brookstone,159,,Brookstone,https://www.brookstone.com/gift-cards#CheckBalance,800-846-3000
Brownells,160,,Brownells,http://www.brownells.com/aspx/store/GiftCertificateBalance.aspx?aid=10078&source=ir&cm_mmc=affiliate-_-Itwine-_-IR-_-60594,800-741-0015
Bruegger's,161,,Bruegger's,https://www.valutec.net/Customers/Balance.aspx,888-822-5379
Brunswick Bowling,162,,Brunswick Bowling,,
Bruster's Ice Cream,163,,Bruster's Ice Cream,http://brusters.com/gift-cards/,
Bubba Gump,164,,Bubba Gump,http://www.bubbagump.com/giftcards.asp,
Buca di Beppo,165,131,Bucca Di Beppo,http://www.givex.com/Merchant_pages/3087b/terminal/terminal.html,
Buckle,166,73,Buckle,https://www.buckle.com/giftcard,800-522-8090
Budget Rent A Car,167,,Budget Rent A Car,,800-357-0495
Buffalo Wild Wings,168,75,Buffalo Wild Wings,http://www.buffalowildwings.com/en/gift-card/,1-888-689-4801
Bugaboo Creek Steakhouse,169,,Bugaboo Creek Steakhouse,,
Build-A-Bear Workshop,170,121,Build-A-Bear Workshop,https://www.buildabear.com/shopping/myaccount/addgiftcard.jsp,1-888-566-4977
Burberry,171,,Burberry,,800-832-0282
Burger King,172,203,Burger King,http://www.bk.com/en/us/crowncard/index.html,800-522-1278
Burke Williams,173,,Burke Williams,https://secure1.burkewilliamsspa.com/CheckBalance.aspx,866-239-6635
Burkes Outlet,174,,Burkes Outlet,,855-229-7502
Burlington Coat Factory,175,56,Burlington Coat Factory,http://www.burlingtoncoatfactory.com/giftcardbalance.aspx,None
Burton,177,,Burton,http://www.burton.com/on/demandware.store/Sites-Burton_US-Site/default/GiftCert-Purchase,
Buy Buy Baby,179,,Buy Buy Baby,http://www.buybuybaby.com/store/static/GiftCardHomePage,877-328-9222
C.O. Bigelow,180,,C.O. Bigelow,,800-793-5433
Cabela's,181,82,Cabela's,http://www.cabelas.com/custserv/giftcard_balance.jsp?WTz_l=DirectLoad%3Bcat106042680,1-800-788-2224
Cache,182,283,Cache,,
California Pizza Kitchen,183,134,California Pizza Kitchen,https://cpkstore.wgiftcard.com/chrome/cpk/,800-919-3227
Callaway Golf,185,348,Callaway Golf,https://www.callawaygolfgiftcard.com/on/demandware.store/Sites-GC2-Site/en_US/GiftCardLogin-Start#,1-866-927-7733
Calvin Klein,186,262,Calvin Klein,,866-513-0513
Camping World,184,,Camping World,,
Cantina Laredo,188,,Cantina Laredo,,
Capital Grille,189,,Capital Grille,,
Captain D's Restaurant,190,,Captain D's Restaurant,,
Carhartt,191,,Carhartt,https://pt.givex.com/Merchant_pages/pDAi6M/,800-833-3118
Caribou Coffee,192,,Caribou Coffee,http://www.cariboucoffee.com/caribou-gift-cards,888-227-4268
Carinos Italian,193,,Carinos Italian,,
Carl's Jr.,187,,Carl's Jr.,https://www.ckegiftcard.com/b2c/balance_inquiry.aspx?id=231,866-270-1064
Carmike Cinemas,194,,Carmike Cinemas,https://carmikegiftcards.com/balanceinquiry.aspx,
Carnival Cruises,195,,Carnival Cruises,https://www.carnivalgiftcards.com/BalanceInquiry.aspx?id=638&clr=true,800-764-7419
Carrabbas,196,100,Carrabba's,https://www.carrabbas.com/gift-cards/,800-242-5353
Carrows,197,,Carrows,,
Carson Pirie Scott,198,320,Carson Pirie Scott,http://www.carsons.com/EGCBalance.html?utm_source=LSAFF&utm_medium=AFL&utm_campaign=LS&CID=LSAFF-AFL-LS&siteID=TnL5HPStwNw-GKGsefqe62UB1wLFpGYKqg,1-866-875-3233
Carter's,199,66,Carter's,https://www.carters.com/giftcard-balance,877-333-0117
Carvel,200,,Carvel,,
Casual Male,201,331,Casual Male,http://www.destinationxl.com/mens-big-and-tall-store/giftcard/balance_inquiry.jsp?mid=36921&siteID=TnL5HPStwNw-sJ91o0U8ihsn45kmuVtkkw,1-800-206-9307
Catherines,202,339,Catherines,http://www.giftcardgranny.com/gift-card-balance-check/catherines/,1-800-478-2921
Cato,203,311,Cato,None,1-800-526-9169
Cattlemens,204,,Cattlemens,,
Cavenders,205,,Cavenders,,
CB2,206,304,CB2,http://www.cb2.com/Gift-Cards/Check-Balance.aspx,1-800-355-3556
CCS,"1,091",372,CCS,http://www.footlocker.com/catalog/gcbalanceform/?cm=57831P,
Century 21,207,307,Century 21,None,1-855-490-2121
Cha Cha's,208,,Cha Cha's,,
Champps Americana,209,,Cha Cha's,,
Champs,211,,Champps Americana,,
Charleston's,212,,Champps Americana,,
Charlie Browns,213,371,Champs Sports,http://www.footlocker.com/catalog/gcbalanceform/?cm=57831P,
Charlotte Russe,214,185,Charlotte Russe,http://www.charlotterusse.com/content.jsp?pageName=GiftCards,
Charming Charlie,215,202,Charming Charlie,http://www.charmingcharlie.com/gift-card-balance/,
Cheddars,216,,Cheddars,,
Cheeseburger in Paradise,217,,Cheeseburger in Paradise,,
Cheesecake Factory,218,144,Cheesecake Factory,https://shop.thecheesecakefactory.com/order/gift-card.html,888-891-2429
Chevron/Texaco,219,215,Chevron Texaco,http://svmcards.net/chevrontexaco-gift-cards/,
Chevys Fresh Mex,220,,Chevys Fresh Mex,,
Chick-fil-A,221,252,Chick Fil A,,
Chico's,222,113,Chico's,https://www.chicos.com/store/gift_cert_check_balance.jsp,1-888-855-4986
Childrens place,223,,Childrens place,,
Chili's,224,65,Chili's,http://www.chilis.com/en/pages/checkbalance.aspx,888-532-6092
Chipotle,225,141,Chipotle,https://www.chipotle.com/en-US/shop/gift_cards/gift_cards.aspx,877-925-4878
Choice Hotels International,226,,Choice Hotels International,http://svmcards.net/choice-gift-cards/ShowDetails.cfm?ProdID=133,866-505-9654
Christmas Tree Shop,227,332,Christmas Tree Shoppe,http://www.christmastreeshops.com/category/customer-service/gift-card-balance.do,1-888-287-3232
Christopher & Banks,228,,Christopher & Banks,http://www.christopherandbanks.com/gsi/webstore/WFS/CBKNA-CBKUS-Site/en_US/-/USD/Default-Start;pgid=J8pwskcE4sqRp0tY9owawtkI00008EIs62Bv;sid=UwcGuXs0DRQHuS0p2qElvUk-Q6aLOM3i1TJ1yMOP,800-330-3443
Chuck E. Cheeses,229,,Chuck E. Cheeses,,888-778-7193
Churchs Chicken,230,,Churchs Chicken,,
Cici's pizza,231,,Cici's pizza,,
Cinemark,232,296,Cinemark,https://www.cinemark.com/gift-card-balance.aspx,
Cinepolis,233,,Cinepolis,,
Cinnabon,234,,Cinnabon,,
Circle K,235,361,Circle K,None,1-866-294-9866
Citgo,237,349,Citgo,None,1-800-533-3421
Citi Trends,238,,Citi Trends,,800-605-8174
City Market,236,161,City Market,https://www.gcbalance.com/CheckBalance.aspx,1-866-822-6252
Claim Jumper Restaurants,239,310,Claim Jumper,http://www.claimjumper.com/giftcard.aspx,1-949-756-9001
Claire's,240,297,Claire's,None,800-252-4737
Clarks,241,,Clarks,http://www.clarksusa.com/us/customer-service/gift-cards,800-211-5461
Clearview cinemas,242,,Clearview cinemas,,
Clinique,243,,Clinique,http://www.clinique.com/giftcards/balance.tmpl?cm_mmc=Linkshare-_-TnL5HPStwNw-_-1-_-10,800-419-4041
Club Monaco,244,,Club Monaco,https://www.clubmonaco.com/helpdesk/checkGCBalance.jsp?utm_content=10-1&utm_source=rakuten&utm_medium=affiliate&utm_campaign=TnL5HPStwNw&utm_term=380240&SiteId=TnL5HPStwNw-sG3qlEpIWyBVaioLZQk_8A,
COACH,245,45,Coach,https://www.coach.com/webapp/wcs/stores/servlet//GiftCardsView?storeId=10551&langId=-1&catalogId=10051&krypto=9vlySQ0CNHu%2BDN9sq2dsdn3mDFMuXApJ,1-888-262-6224
Coco's,246,,Coco's,http://www.cocosbakery.com/gift-cards/,888-352-3522 ext. 65146
Coffee Bean,247,,Coffee Bean,http://www.coffeebean.com/store/giftcardproduct.aspx,800-832-5323
Cold Stone Creamery,248,197,Cold Stone Creamery,http://www.coldstonecreamery.com/giftcardsretail/giftcardbalance/index.html,800-832-0714
Coldwater Creek,250,246,Coldwater Creek,None,1-800-262-0040
Cole Haan,249,,Cole Haan,http://www.colehaan.com/on/demandware.store/Sites-ColeHaan_US-Site/en_US/Page-Show?cid=GiftCert-Purchase,
Coleman,251,,Coleman,http://www.coleman.com/giftcardlookup,
Columbia Sportswear,252,122,Columbia,http://www.columbia.com/giftcards,1-866-682-9879
Complete Nutrition,253,,Complete Nutrition,,
CompUSA,254,,CompUSA,,
Conoco Gas Card,255,,Conoco Gas Card,https://wbiprod.storedvalue.com/WBI/lookupservlet?language=en&brand_id=conoco,877-526-6626
Continental Airlines,256,,Continental Airlines,https://www.united.com/web/en-US/default.aspx?root=1,
Converse,257,132,Converse,http://www.converse.com/giftcards,1-888-792-3307
Corner Bakery Cafe,258,,Corner Bakery Cafe,,
Cost Cutters,259,,Cost Cutters,http://www.costcutters.com/GiftCards/default.asp,877-887-3447
Cost Plus World Market,261,225,Cost Plus World Market,http://www.worldmarket.com/category/customer-service/gift-card-balance.do,1-877-967-5362
Costco,"1,085",83,Costco,http://www.costco.com/,1-800-255-8850
Country Buffet,262,,Country Buffet,https://www.countrybuffet.com/gift-cards,
Crabtree & Evelyn,263,,Crabtree & Evelyn,,800-272-2873
Cracker Barrel,264,145,Cracker Barrel,http://www.crackerbarrel.com/store/gift-cards/,
Crate & Barrel,265,42,Crate & Barrel,http://www.crateandbarrel.com/Gift-Cards/,877-477-4567
Crazy 8,266,273,Crazy 8,,877-427-8998
Crocs,267,260,Crocs,,877-260-9280
Crutchfield,268,,Crutchfield,https://www.crutchfield.com/S-6O5V3Wn9ODn/secure/giftcard/giftcards.aspx,800-955-9091
Cub Foods,269,298,Cub Foods,None,1-877-932-7948
Culver's,270,,Culver's,https://www.culvers.com/delicious-perks/check-balance,866-956-0959
Cumberland Farms,271,,Cumberland Farms,,800-225-9702 ext. 1586
CVS Pharmacy,272,26,CVS,https://www.giftcardorder.net/cvs/mini.asp,1-877-295-7777
Cycle Gear,273,,Cycle Gear,,
D'Angelo,274,350,D'Angelo,None,None
Daffys,275,,Daffys,,
Dairy Queen,276,,Dairy Queen,http://www.dairyqueen.com/us-en/Gift-Cards-and-Gear/?localechange=1&,866-956-0435
Damon's Grill,277,,Damon's Grill,https://premierissue.ftpsllc.com/main.html,888-892-3813
Darden Restaurants,278,87,Darden Restuarants,https://gift.darden.com/GiftCard/Balance.aspx,1-877500-9706
Dave & Busters,279,299,Dave and Busters,https://www.daveandbusters.com/giftcards/,1-888-300-1515
David's Bridal,280,,David's Bridal,,
Davids Tea,281,,Davids Tea,,
DD's Discounts,282,,DD's Discounts,,
Dean Deluca,283,,Dean & Deluca,http://www.deandeluca.com/GiftCardBalance.aspx,800-221-7714
Del Friscos,284,,Del Friscos,http://dfrg.com/gift-card/,
Del Taco,286,,Del Taco,http://www.deltaco.com/checkgiftcardbalance.html,800-852-7204
dELiAs,285,311,dELiAs,http://store.delias.com/giftCard.do,None
Dell,287,17,Dell,https://www.chasepaymentech.com/giftcardbalance/pages/inquiry.faces?rid=bhxc1h,1-800-242-5353
Dellaria,288,,Dellaria,,
Delta Airlines,289,281,Delta,,
Denny's,290,204,Denny's,http://dennys.com/html/gift-cards.html,800-426-9131
Destination Maternity,291,362,Destination Maternity,None,1-800-466-6223
Dick Blick Art Materials,292,,Dick Blick Art Materials,,
Dick's Sporting Goods,294,52,Dick's Sporting Goods,http://www.dickssportinggoods.com/giftCertificates/index.jsp?ab=Footer_Column4_GiftCards,1-877-720-6608
Dickey's Barbecue Pit,293,,Dickey's Barbecue Pit,,
Dierbergs,296,,Dierbergs,,
Diesel,297,,Diesel,,
Dillard's,298,233,Dilliards,,800-269-5826
Dillons,299,158,Dillon's,https://www.gcbalance.com/CheckBalance.aspx,1-866-822-6252
Dippin Dots,300,,Dippin Dots,,
Discovery Channel,301,,Discovery Channel,,800-889-9950
Disney Store,302,53,Disney Store,https://www.disneygiftcard.com/manage/,1-888-301-9061
DKNY,306,,DKNY,,
Dolce Salon & Spa,307,271,Dolce Salon & Spa,,480-722-0500
Dollar General,308,274,Dollar General,,
Dollar Tree,309,253,Dollar Tree Store,,800-426-9132
Domino's,310,,Domino's,https://www.dominos.com/en/pages/giftcard/,877-250-2278
Don Pablos,311,,Don Pablos,http://www.donpablos.com/popups/gift_cards/account.html,888-336-2558
Dooney & Bourke,312,,Dooney & Bourke,http://www.dooney.com/,800-347-5000
Dress Barn,313,300,Dress Barn,https://www.dressbarn.com/customer-service/check-balance,1-800-374-9779
DSW,314,51,DSW,http://www.dsw.com/dsw_shoes/giftcards/giftCards.jsp,1-888-895-2504
DTLR,315,,DTLR,,
Dunham's Sports,316,,Dunham's Sports,,
Dunkin' Donuts,317,237,Dunkin Donuts,https://www.dunkindonuts.com/content/dunkindonuts/en/ddcard.html,800-447-0013
Dutch Bros,318,,Dutch Bros,http://shop.dutchbros.com/products/dutch-bros-coffee-gift-cards,
Earth Fare,319,,Earth Fare,,
Eastbay,320,351,Eastbay,http://www.eastbay.com/catalog/gcbalanceform,1-800-826-2205
Eastern Mountain Sports,321,177,Eastern Mountain Sports,http://www.ems.com/giftcard/index.jsp?&ab=cms:home:main:tl:010213:Gift_Card&emssrcid=AFF:SAS_314743,888-463-6367
Easy Spirit,322,,Easy Spirit,"http://www.easyspirit.com/easy-spirit-gift-cards/2881146,default,sc.html?ep_tag=AF2015",888-327-9772
Ebay,323,352,eBay,None,1-866-914-8078
EBGames,324,,EBGames,https://www.gamestop.com/profiles/valuelookup.aspx,
Ecco,325,,Ecco,,
Ecko,326,,Ecko,http://www.ecko.com/?utm_source=google&utm_medium=cpc&utm_campaign=Brand%20Ecko&utm_content=brand&utm_term=ecko%20gift%20card&gclid=CPi_yO_d3bACFSQDQAodYFIb2w,
Ed Hardy,327,,Ed Hardy,,
Eddie Bauer,328,"268,295",Eddie Bauer,http://www.eddiebauer.com/custserv/customer-service-landing.jsp,800-426-8020
Eddie V's,329,92,Eddie V's,,
Edible Arrangements,330,,Edible Arrangements,https://www.ediblearrangements.com/CustomerService/gift-cards.aspx,877-363-7848
Eegee's,331,,Eegee's,,
Eileen Fisher,332,,Eileen Fisher,,
Einstein Bros Bagel,333,205,Einstein Bros Bagels,https://www.einsteinbrosgiftcard.com/balance_inquiry.aspx?id=613,1-800-BAGEL-ME
El Pollo Loco,334,333,El Pollo Loco,http://www.elpolloloco.com/gift-cards/,1-877-EPL-4YOU
El Torito,336,,El Torito,,
Elder-Beerman,335,353,Elder-Beerman,http://www.elder-beerman.com/EGCBalance.html,None
Elephant Bar,337,,Elephant Bar,http://www.elephantbar.com/giftcard/checkbalance,562-207-6200
Elie Tahari,338,,Elie Tahari,"http://www.elietahari.com/shop-gift-cards/shop-gift-cards,default,pg.html?t=linkshare&utm_source=1&utm_medium=affiliate&utm_campaign=TnL5HPStwNw&siteID=TnL5HPStwNw-6HRkOd0rW3i.l8p6FptvQg",800-854-5491
Elizabeth Arden,339,,Elizabeth Arden,,
Elizabeth Jacob Spa,340,,Elizabeth Jacob Spa,,
Enterprise Rental Car,341,,Enterprise Rental Car,,
Equinox,342,,Equinox,,
Esprit,343,,Esprit,,
Ethan Allen,344,354,Ethan Allen,None,1-888-324-3571
European Wax Center,345,,European Wax Center,,
Express,346,28,Express,https://www.express.com/user/gift_card_balance_popup.jsp,1-888-244-0327
ExxonMobil,348,86,Exxon Mobil,https://wbiprod.storedvalue.com/WBI/lookupservlet?language=en&brand_id=exxonmobil,None
f.y.e.,399,,f.y.e.,https://www.fye.com/stores/fye/gift-card.jsp?siteID=TnL5HPStwNw-UzT73IGLczPkEn.NiuHN.g&cid=1334099,888-345-8548
Fairmont Hotels,349,,Fairmont Hotels,https://fairmontgiftcard.com/cws/fairmont/consumer/clp/balance_check.py?start:true,888-530-8988
Family Dollar,350,250,Family Dollar,,866-377-6420
Famous Dave's BBQ,351,,Famous Dave's BBQ,,
Famous Footwear,352,196,Famous Footwear,http://www.famousfootwear.com/Profiles/CheckGiftCardBalance.aspx?partnerid=PERFORMICS&clickid=0004d655b6ee42e10a2a1ecfe6006065&cvosrc=affiliate.linkshare.TnL5HPStwNw&partnerid=linkshare&siteID=TnL5HPStwNw-U0P0SyLyHGcALgUjCzJlDA,1-888-932-6687
Fanatics.com,1086,355,Fanatics.com,None,1-877-827-8965
Fandango,353,143,Fandango,http://tickets.fandango.com/CheckBalance.aspx?cjid=cj_10369448_7103042_skim37079X962414Xb2bf62f1687990f6227f5bd8e342da08,
Fannie May,354,,Fannie May,,800-999-3629
Fanzz,355,,Fanzz,https://www.fanzz.com/?utm_source=affiliates&utm_medium=coupon&utm_campaign=10pctoff&publisherId=21181,888-326-9946
Fashion Bug,356,356,Fashion Bug,,800-478-2921
Fathead,357,,Fathead,,877-328-4323
Fazoli's,358,334,Fazolis,None,1-877-750-0089
Fearings,359,,Fearings,,
Feeders Supply,360,,Feeders Supply,,502-212-0433
Finish Line,361,,Finish Line,http://www.finishline.com/store/global/promos/giftcards.jsp,
Fire Mountain Grill,362,,Fire Mountain Grill,,800-871-0956
Firehouse Subs,363,,Firehouse Subs,,800-803-1222
First Watch,364,,First Watch,,
Five Below,365,,Five Below,,866-935-8852
Five Guys,366,190,Five Guys,http://www.fiveguyscard.com/B2C/balance_inquiry.aspx?AspxAutoDetectCookieSupport=1,
Fleet Fleet Sports,367,,Fleet Fleet Sports,,
Fleming's Steakhouse,368,102,Fleming's Steakhouse,,800-242-5353
Floor and Decor,371,,Floor and Decor,,
Flying J,372,,Flying J,http://www.pilotflyingj.com/gift-card,
Fogo De Chao,373,308,Fogo De Chao,https://giftcard.fogodechao.com/,None
Food 4 Less,370,157,Food 4 Less,https://www.gcbalance.com/CheckBalance.aspx,1-866-822-6252
Food Lion,374,,Food Lion,https://www.foodlion.com/departments/gift-center/,
Food Source,376,,Food Source,,
FoodMaxx,375,,FoodMaxx,,
Foot Action,377,314,Foot Action,http://www.footaction.com/customerserv/help:giftBalance/,1-800-863-8932
Foot Locker,378,128,Foot Locker,http://www.footlocker.com/catalog/gcbalanceform/?&cm=57831P,1-877-254-3333
Foreign Exchange,380,,Foreign Exchange,,
Forever 21,381,120,Forever 21,http://www.forever21.com/ECard/GiftCard.aspx?category=giftcard,1-877-706-2049
Fossil,382,,Fossil,https://www.fossil.com/us/en/customer-care/order-status.html,
Foundry,383,,Foundry,,
Four Seasons Hotel,384,44,Four Seasons,https://wwws-canada2.givex.com/cws/fourseasons/consumer/clp/balance_check.py?start:true,1-866-536-9732
Fox Jewelers,385,171,Fox Jewelers,https://www.gcbalance.com/CheckBalance.aspx,1-866-822-6252
Fox Restaurant Concepts,386,220,Fox Restaurant Concepts,https://opticard.optinc.com/public/inquiry.asp?company_id=Ea,480-905-6920
Francesca's Rest.,387,,Francesca's Rest.,,
Francescas,388,,Francescas,https://www.francescas.com/ancillary/giftcardbalance.do,800-980-1180
Fred Meyer,389,155,Fred Meyer,https://www.gcbalance.com/CheckBalance.aspx,1-866-822-6252
Fred Meyer Jewelers,390,168,Fred Meyer Jewelers,https://www.gcbalance.com/CheckBalance.aspx,1-866-822-6252
Fredericks of Hollywood,391,,Fredericks of Hollywood,,
Free People,392,,Free People,,800-920-5656
Friendly's,393,315,Friendlys,None,1-855-398-1280
Frischs Big Boy,394,,Frischs Big Boy,,800-873-3633
Frontera Mex-Mex Grill,395,,Frontera Mex-Mex Grill,,
Frontier Airlines,396,,Frontier Airlines,https://booking.flyfrontier.com/Flight/Internal,888-247-1677
Fry's Electronics,397,151,Fry's,https://www.gcbalance.com/CheckBalance.aspx,1-866-822-6252
Fuddruckers,398,282,Fuddruckers,,800-242-5353
G by Guess,400,,G by Guess,https://g.affiliatetechnology.com/redirect.php?nt_id=2&url=https%3A%2F%2Fwww.gbyguess.com%2Fen%2FGiftCard%2FBalance%2F&affiliate_id=21181&utm_medium=affiliate&click_id=1402297504&utm_content=2-203966&cmp=afc-21181&utm_source=ebay-21181,877-429-4837
G.H. Bass & Co.,401,,G.H. Bass & Co.,,
Gabriel Brothers,402,,Gabriel Brothers,,800-458-6546
Game Works,403,,Game Works,,
GameStop,404,18,Gamestop,https://www.gamestop.com/profiles/valuelookup.aspx,1-888-818-2915
Gander Mountain,405,,Gander Mountain,https://secure.gandermountain.com/gift-cards/?siteID=TnL5HPStwNw-hnY4HFix60gom1tC3ZNc5g,800-447-9788
Gap,406,47,Gap,"http://www.gap.com/customerService/info.do?cid=2116&mlink=5058,981689,6&clink=981689",800-887-1198
Gap Kids,407,288,Gap Kids,,800-427-78953
Gap Options,408,,Gap Options,,866-472-2139
Garden Ridge,409,,Garden Ridge,,
Gerbes,410,160,Gerbes,https://www.gcbalance.com/CheckBalance.aspx,1-866-822-6252
GFS Marketplace,411,,GFS Marketplace,,
GGP,412,,GGP,https://www279.americanexpress.com/GPTHBIWeb/validateIPAction.do,
Ghirardelli,413,,Ghirardelli,http://www.ghirardelli.com/shop-1.html,888-402-6262
Giant Eagle,414,,Giant Eagle,http://www.gianteagle.com/Gift-Cards/,
Giant Foods,415,256,Giant Foods,,888-386-5251
Gibsons,416,,Gibsons,,
Gilly Hicks Sydney,417,,Gilly Hicks Sydney,,
Giorgio Armani,418,,Giorgio Armani,http://www.armani.com/us,
Gloria Jeans,419,,Gloria Jeans,,877-320-5282
Glory Days Grill,420,,Glory Days Grill,,
GNC,421,187,GNC,https://www.gnc.com/checkout/index.jsp?process=giftcardBalance,888-462-2548
Godiva,422,,Godiva,http://www.godiva.com/on/demandware.store/Sites-Godiva-Site/default/Default-Start?ref=cj&cm_ven=Affiliate&cm_cat=Evergreen&cm_pla=Homepage&cm_ite=D15AFFIL,800-943-5309
Golden Corral,423,,Golden Corral,http://www.goldencorral.com/giftcards/check.aspx,
Golden Spoon Frozen Yogurt,424,,Golden Spoon Frozen Yogurt,http://www.goldenspoon.com/golden-spoon-gift-cards/,
Golf Galaxy,425,,Golf Galaxy,,800-232-2020
Golfsmith,426,,Golfsmith,http://www.golfsmith.com/giftcard_balance?URL=http%3A%2F%2Fwww.golfsmith.com%2Fgiftcard_balance&tcode=cj&utm_source=cj&utm_medium=affiliate&utm_campaign=cj-link&cm_mmc=affiliate-_-gen3-_-7103042-_-10304326,800-396-0099
Good Feet,427,,Good Feet,,
Google Play,428,,Google Play,,855-466-4438
Gordmans,429,212,Gordmans,http://gordmans.wgiftcard.com/card/balance/check/gordmans/1,
Gordon Biersch,430,,Gordon Biersch,http://www.gordonbiersch.com/gift-cards,
Great American Cookies,431,,Great American Cookies,,
Great Clips,432,208,Great Clips,https://www.greatclips.com/gift-card,
Great Wolf Lodge,433,,Great Wolf Lodge,https://www.greatwolf.com/gift-cards,
Green Mill,434,,Green Mill,https://mgd.mercury-gift.com/greenmill/,800-242-5353
Grocery Outlet,435,,Grocery Outlet,,
Gucci,436,,Gucci,,877-482-2430
Guess,437,189,Guess,https://shop.guess.com/en/GiftCard/Balance/?CMP=AFC-CJGES_Skimlinks,1-888-891-2432
Guitar Center,438,,Guitar Center,http://www.guitarcenter.com/?CJAID=10449560&CJPID=3640929&CJSID=skim37079X962414X57f647f1553ec4d1777f7068965a28ae,
Gulf,439,286,Gulf Oil,,800-774-4853
Gymboree,440,181,Gymboree,,800-255-1989
H&M,441,136,H&M,http://www.hm.com/us/customer-service/giftcard-balance,1-800-230-7616
H-E-B Grocery Store,442,,H-E-B Grocery Store,,800-533-2153
Haagen Dazs,443,,Haagen Dazs,,800-767-0120
Haggar,444,,Haggar,,877-841-2219
Hair cuttery,445,,Hair cuttery,,866-257-8953
Half Price Books,446,,Half Price Books,,866-615-2665
Hallmark,447,,Hallmark,https://member.hallmark.com/giftcard/giftcard,800-425-5627
Hancock Fabrics,448,,Hancock Fabrics,,
Hand and Stone,449,,Hand and Stone,,
Hanna Andersson,450,,Hanna Andersson,,
Harbor Freight Tools,451,285,Harbor Freight,,800-444-3353
Hard Rock Cafe,453,294,Hard Rock Cafe,https://rockshop.hardrock.com/customerservice/gift-cards.aspx?WT.mc_id=RockShopHRCFooter,888-519-6683
Hardees,454,,Hardees,https://www.ckegiftcard.com/b2c/balance_inquiry.aspx?id=230,866-270-1064
Harkins Theatres,455,,Harkins Theatres,https://www.harkinstheatres.com/GiftCardBalance/CheckBalance.aspx,480-627-7777
Harlem Irving Plaza,456,,Harlem Irving Plaza,,
Harley Davidson,457,,Harley Davidson,https://www.getmybalance.com/,800-803-7537
Harmon Face Values,458,,Harmon Face Values,,866-427-6661
Harry & David,459,316,Harry and David,http://www.harryanddavid.com/h/view/gc-giftcardland,877-322-1200
Hastings,460,,Hastings,https://www.gohastings.com/custserv/giftcard_balance.jsp?siteID=TnL5HPStwNw-sioRTPoduSdcqVO_ltRl4w&ls_affid=TnL5HPStwNw&source=LinkShare&creative=10&offer=271612,877-427-8464
Hat Club,461,,Hat Club,,
Hat World,462,,Hat World,,
Heartland America,463,,Heartland America,,
Helly Hansen,464,,Helly Hansen,,
Helzberg Diamonds,465,,Helzberg Diamonds,,800-435-92374
Henri Bendel,466,,Henri Bendel,http://www.henribendel.com/on/demandware.store/Sites-HB-Site/default/GiftCert-Purchase?utm_source=EEAN&utm_medium=affiliate&utm_campaign=21181&utm_term=1420178347,800-523-6335
Herberger's,467,368,Herberger's,http://www.herbergers.com/EGCBalance.html,
Hermes,468,,Hermes,,
Hertz Rental Car,469,,Hertz Rental Car,,
Hess,470,340,Hess,None,1-800-437-7645
Hewlett Packard HP,471,,Hewlett Packard HP,http://store.hp.com/us/en/vwa/gift-cards?jumpid=re_r11662_redirect_ETR&ts=20151102202932_EepufcCX8tAX,866-684-6707
HH Gregg,472,,HH Gregg,,
Hi Health,473,,Hi Health,,800-266-2323
Hibbett Sports,474,264,Hibbett Sports,,888-806-1720
Hilander,475,153,Hilander,https://www.gcbalance.com/CheckBalance.aspx,1-866-822-6252
Hilton Hotels,476,,Hilton Hotels,https://www.americanexpress.com/us/content/customerrors/404.html,800-297-7327
Hobby Lobby,477,142,Hobby Lobby,https://cards.hobbylobby.com/GiftCardBalance.aspx,
HobbyTown USA,478,,HobbyTown USA,,
Holiday Inn,479,,Holiday Inn,,
Hollister,480,46,Hollister,https://www.hollisterco.com/webapp/wcs/stores/servlet/GCLookup?catalogId=10201&langId=-1&storeId=10251&krypto=kJjEF2XjnLuFtcpb%2FbyV9A%3D%3D&ddkey=http:GCLookup,1-888-632-8906
Home Depot,481,4,Home Depot,http://www.homedepot.com/c/Gift_Cards?AID=11210757&PID=7103042&SID=skim37079X962414X2c9ffa1c8c8bfd3ad834a22fd2d6552a&cm_mmc=CJ-_-7103042-_-11210757&cj=true,1-800-430-3376
HomeGoods,482,10,Home Goods,http://tjmaxx.tjx.com/store/browse/giftCards.jsp,
HomeTown Buffet,483,,HomeTown Buffet,,800-871-0956
Honey Dew Donuts,485,,Honey Dew Donuts,https://balance.worldpay.us/GLCardBalance.aspx,
HoneyBaked Ham,484,,HoneyBaked Ham,,800-367-7720
Hooters,486,,Hooters,https://giftcards.hooters.com/balanceinquiry.aspx?id=643,800-242-5353
Hoss's,487,344,Hoss's Steak and Sea House,None,1-800-900-4677
Hot Dog On a Stick,488,,Hot Dog On a Stick,,
Hot Topic,489,,Hot Topic,,800-892-8674
Hotel Zaza,490,,Hotel Zaza,,
Houlihans,491,,Houlihans,https://houlihansstore.wgiftcard.com/chrome/houlihans/,
House of Blues,492,,House of Blues,,
Houston Garden Centers,493,,Houston Garden Centers,,
Houston's Restaurant,494,,Houston's Restaurant,,800-230-9787
Huddle House,495,,Huddle House,,770-325-1300
Hugo Boss,496,278,Hugo Boss,,800-484-6267
Hungry Howies,497,,Hungry Howies,,248-414-3300
Hy-Vee,498,363,Hy-Vee,http://www.hy-vee.com/shop/giftcards_checkbalance.aspx,None
Hyatt,499,330,Hyatt Hotels,None,None
Ichiban Hibachi Steakhouse,500,,Ichiban Hibachi Steakhouse,,
IHOP,501,59,IHOP,https://www.chasepaymentech.com/giftcardbalance/pages/inquiry.faces?rid=9tCj2F,800-242-5353
IKEA,503,251,IKEA,,800-558-5961
Il Fornaio,502,,Il Fornaio,,
In-N-Out Burger,504,324,In N Out Burger,https://www.in-n-out.com/gift-cards.aspx,1-888-914-4438
Intermix,506,293,Intermix,,
Islands Restaurants,505,,Islands Restaurants,,
iTunes,507,377,iTunes,,888-320-3301
Izod,508,,Izod,,800-866-7292
J Jill,510,284,J Jill,,800-295-6093
J. Crew,509,37,J. Crew,https://www.jcrew.com/checkout/giftcard_balance1.jsp?bmUID=jI.XUVE,1-800-562-0258
Jack Astor's Bar & Grill,511,,Jack Astor's Bar & Grill,,
Jack in the Box,512,,Jack in the Box,http://www.jackinthebox.com/jack-cash,800-955-5225
Jack Stack BBQ,513,,Jack Stack BBQ,,
Jamba Juice,514,69,Jamba Juice,https://jcard.jambajuice.com/CheckCardBalance.aspx,1-866-473-7848
James Avery,515,,James Avery,,800-283-1770
Janie and Jack,516,240,Janie and Jack,,800-255-1989
Jared,517,327,Jared,,1-800-527-8229
Jason's Deli,518,,Jason's Deli,,800-444-3354
JC Food Stores,519,162,JC Food Stores,https://www.gcbalance.com/CheckBalance.aspx,1-866-822-6252
JCPenney,520,8,JC Penney,http://www.jcpenney.com/dotcom/jsp/browse/category.jsp?id=cat100300156,1-800-294-8804
Jerrys Famous Deli,521,,Jerrys Famous Deli,,
Jersey Mikes,522,,Jersey Mikes,http://www.jerseymikes.com/gift-cards/,800-321-7676
Jet Blue,523,317,Jet Blue,http://www.jetblue.com/gift-cards/,1-800-540-4062
Jewel-Osco,524,345,Jewel-Osco,None,1-877-932-7948
Jiffy Lube,525,200,Jiffy Lube,http://www.jiffylube.com/giftcard/giftcard_balance.aspx,888-554-4283
Jimmy John's,526,364,Jimmy Johns,https://www.mercury-gift.com/JimmyJohns/CheckBalance?Length=151,None
Jo Ann Fabrics,527,62,Jo Ann,http://www.joann.com/gift-card-check-balance,888-345-7674
Jockey,529,,Jockey,http://www.jockey.com/shoppingguide/giftcards,800-242-5353
Joe's Crab Shack,530,267,Joes Crab Shack,,
Johnny Carino's Italian,531,,Johnny Carino's Italian,https://carinos.myguestaccount.com/login/accountbalance.srv?id=7YIZ5IbNpEs%3d,
Johnny Rockets,532,,Johnny Rockets,http://www.johnnyrockets.com/gift-cards/gift-cards-balance.html,
Johnston & Murphy,533,328,Johnston and Murphy,None,800-424-2854
Jones New York,534,,Jones New York,"http://www.jny.com/Gift-Cards/25519784,default,sc.html",
Jos. A. Bank,535,97,Jos. A. Bank,https://www.josbank.com/menswear/shop/GiftCardView?catalogId=10050&langId=-1&productId=102259&storeId=11001&krypto=tVgYDRYXghHKSF8o4iVheA%3D%3D&ddkey=http:GiftCardView,888-403-4438
Journeys,536,201,Journey's,http://www.journeys.com/gift_cards.aspx?AID=11276254&PID=7103042&source=COMJ2014,888-324-6356
Journeys Kidz,537,,Journeys Kidz,http://www.journeys.com/gift_cards.aspx?AID=11276254&PID=7103042&source=COMJ2014,888-324-6356
Joyce Leslie,538,,Joyce Leslie,,
Juicy Couture,539,,Juicy Couture,,888-908-1160
Just Sports,540,,Just Sports,,
Justice,541,,Justice,http://www.shopjustice.com/giftcards/check-balance?AID=10489790&PID=7103042&SID=skim37079X962414X9064860bd3a3af853f576e21328d3ac9&CID=acjju-7103042-skim37079X962414X9064860bd3a3af853f576e21328d3ac9-10489790&utm_medium=affiliate&utm_source=GL_Justice,800-987-4096
Justice Brothers,542,224,Justice Brothers,http://www.shopjustice.com/giftcards/check-balance?AID=10489790&PID=7103042&SID=skim37079X962414X17f9314a2253ba4b1d7ef8314bc90441&CID=acjju&utm_medium=affiliate&utm_source=GL_Justice,
K&G Fashion,543,,K&G Fashion,,800-343-3700
Karen Allen Salon & Spa,544,,Karen Allen Salon & Spa,,
Kate Spade,545,,Kate Spade,,866-999-5283
Kay Jewelers,546,234,Kay Jewelers,,888-243-4333
Kenneth Cole,547,,Kenneth Cole,,800-536-2653
KFC,548,192,KFC,,
Kids Foot Locker,549,373,Kids Foot Locker,http://www.footlocker.com/catalog/gcbalanceform/?cm=57831P,800-991-6684
Kiehls,550,,Kiehls,,
King Soopers,552,156,King Soopers,https://www.gcbalance.com/CheckBalance.aspx,1-866-822-6252
King's Fish House,551,,King's Fish House,,714-432-0400 ext. 200
Kirkland's,553,265,Kirkland's,http://www.kirklands.com/content.jsp?pageName=giftcard,
Kitchen Collection,554,,Kitchen Collection,,888-548-2651
Kmart,555,50,Kmart,http://www.kmart.com/gclanding/nb-120000000218043,1-800-922-5511
Kohl's,557,16,Kohl's,https://www.kohls.com/giftcard/gift_card_check_balance.jsp?src=TnL5HPStwNw&siteID=TnL5HPStwNw-Mpxj5Gr2UOO6ZfEPyI1e0w,1-800-655-0554
Kona Grill,558,,Kona Grill,https://opticard.optinc.com/clients/konag/public.html,
KooKooRoo,559,,KooKooRoo,,800-242-5353
Krispy Kreme,560,365,Krispy Kreme,None,1-800-457-4779
Kroger,561,148,Kroger,https://www.gcbalance.com/CheckBalance.aspx,1-866-822-6252
Krystal Restaurant,562,,Krystal Restaurant,,
Kwik Fill,563,,Kwik Fill,,
Kwik Stop,565,,Kwik Stop,,
Kwik Trip,566,,Kwik Trip,https://www.kwiktrip.com/Cards/Check-Your-Card-Balance,800-305-6666
KwikShop,564,164,KwikShop,https://www.gcbalance.com/CheckBalance.aspx,1-866-822-6252
L'Occitane,567,,L.L.Bean,,
L.L.Bean,568,,L'Occitane,,
La Madeleine,569,,La Madeleine,,
La Pinata,575,,La Pinata,,
La Salsa Fresh Mexican Grill,570,,La Salsa Fresh Mexican Grill,,
Lacoste,571,346,Lacoste,None,1-800-452-2678
Lady Foot Locker,572,370,Lady Foot Locker,http://www.footlocker.com/catalog/gcbalanceform/?cm=57831P,
Lakeshore Learning Store,573,,Lakeshore Learning Store,,
Landmark Theatres,574,55,Land's End,https://www.landsend.com/cgi-bin/EGCBalanceInquiry.cgi,1-888-816-7040
Landry's Restaurants,576,,Landmark Theatres,,
Lands' End,577,306,Landry's,http://www.landrysinc.com/giftcards/,None
Lane Bryant,578,261,Lane Bryant,,
Lavande,579,,Lavande,,
Legal Sea Foods,580,,Legal Sea Foods,,
Lego,581,335,LEGO Store,http://shop.lego.com/en-US/Gift-Cards-Balance,None
Lens Crafters,582,,Lens Crafters,,
Lettuce Entertain You,583,129,Lettuce Entertain You,http://www.leye.com/gift-cards,1-888-301-9063
Levi's,584,277,Levi's,,
Lids,585,188,Lids,http://www.lids.com/GiftCards?AID=10285210&PID=3640929&SID=skim37079X962414Xc77490f4d315ec1d53f4d8fc3328bac6&cpid=cj,888-564-4287
Life Uniform,586,,Life Uniform,,
Life Way,587,,Life Way,,
LifeSpa,588,,LifeSpa,,
Lilly Pulitzer,589,301,Lilly Pulitzer,http://www.lillypulitzer.com/content.jsp?pageName=GiftCards&,1-888-725-4559
Limited Too,590,,Limited Too,,
Liquid Spins,1087,366,Liquid Spins,,
Little Caesars,591,357,Little Caesars,http://www.littlecaesars.com/gift-card/gift_card_bal.asp,1-800-7-CAESAR
Littman Jewelers,592,170,Littman Jewelers,https://www.gcbalance.com/CheckBalance.aspx,1-866-822-6252
Liz Claiborne,593,,Liz Claiborne,,
Loaf 'N' Jug,594,163,Loaf 'N' Jug,https://www.gcbalance.com/CheckBalance.aspx,1-866-822-6252
Loews Cineplex,595,,Loews Cineplex,,
Loft,596,,Loft,,
Logan's Roadhouse,598,,Logan's Roadhouse,,
Lone Star,599,,Lone Star,,
Long John Silver's,600,275,Long John Silver's,,
Longhorn Steakhouse,601,89,Longhorn Steakhouse,https://gift.longhornsteakhouse.com/GiftCard/Balance.aspx,1-877-947-8325
Lord & Taylor,602,176,Lord & Taylor Store,http://www.lordandtaylor.com/webapp/wcs/stores/servlet/en/lord-and-taylor/special/gift-card,
Lou Malnati's,603,,Lou Malnati's,,
Louis Vuitton,604,,Louis Vuitton,,
Lowe's,605,13,Lowe's,http://www.lowes.com/Gift-Guide/Gift-Cards/_/N-1z135r1/pl,1-800-560-7172
Lubys,606,,Lubys,,
Lucilles BBQ,607,,Lucilles BBQ,,
Lucky Brand,608,219,Lucky Brand Jeans,http://www.luckybrand.com/gift-cards,1 (866) 975 5825
Lucy,609,,Lucy,,
Lululemon,610,,Lululemon,,
Lumber Liquidators,611,,Lumber Liquidators,,
Lumosity,612,,Lumosity,,
Lush Cosmetics,613,,Lush Cosmetics,,
MAC Cosmetics,614,,MAC Cosmetics,,
Macaroni Grill,615,123,Macaroni Grill,https://giftcards.macaronigrill.com/balance_check.aspx,1-800-288-0512
Macy's,617,25,Macy's,https://www.macys.com/service/gift/index.ognc#form,1-800-511-2752
Madewell,618,,Madewell,,
Magazines.com,619,,Magazines.com,,
Maggiano's,620,64,Maggiano's,https://giftcard.brinker.com/maggianos/balance_check.asp?ref=maggianos,888-532-6092
Mandee,621,,Mandee,,
Manuels,622,,Manuels,,
Marathon Petroleum,623,,Marathon Petroleum,,
Marcus Theatres,624,,Marcus Theatres,,
Mardel,625,,Mardel,,
Marie Callenders,626,,Marie Callenders,,
Marmot,627,,Marmot,,
Marriott,628,54,Marriot,https://gifts.marriott.com/,1-800-442-6132
Marshalls,629,11,Marshalls,http://tjmaxx.tjx.com/store/browse/giftCards.jsp,
Massage Envy,630,228,Massage Envy,,
Massage Heights,631,,Massage Heights,,
MasterCuts,632,,MasterCuts,,
Mastros,633,,Mastros,,
Maui Jim Sunglasses,634,,Maui Jim Sunglasses,,
Maurices,635,,Maurices,,
Max & Ermas,636,325,Max and Ermas,http://www.maxandermas.com/giftcards/balance.php,1-866-439-8209
Max Studio,637,,Max Studio,,
MC Sports,638,,MC Sports,,
McAlister's Deli,639,,McAlister's Deli,,
McCormick & Schmick's,640,,McCormick & Schmick's,,
McDonald's,641,31,McDonald's,https://premium.vcdelivery.com/V2/mcdonalds/balancechecker.aspx,1-877-458-2200
McGrath's Fish House,642,,McGrath's Fish House,,
Meijer,643,180,Meijer,http://www.meijer.com/gifts/layer_balance.jsp,
Mellow Mushrooms,644,,Mellow Mushrooms,,
Men's Wearhouse,647,58,Men's Wearhouse,http://www.menswearhouse.com/gift-cards/,1-800-776-7848
Menards,645,,Menards,,
Menchies,646,,Menchies,,
Metropark,648,,Metropark,,
Mexican Inn Cafe,649,,Mexican Inn Cafe,,
Mia & Maxx,650,,Mia & Maxx,,
Michael Kors,651,266,Michael Kors,,
Michael Stars,652,,Michael Stars,,
Michaels,653,41,Michael's,https://merchant.sgiftcard.com/chrome/michaels,1-800-642-4235 ext 3
Microsoft,654,,Microsoft,,
Mikasa,655,,Mikasa,,
Miller's Ale House,656,,Miller's Ale House,,
Mimi Maternity,657,,Mimi Maternity,,
Mimis Cafe,658,209,Mimi's Cafe,https://mimiscafe.myguestaccount.com/login/accountbalance.srv?id=XsRw1LVeKdQ%3d,
Mission Inn,659,,Mission Inn,,
Mitchell's Fish Market,660,,Mitchell's Fish Market,,
Mlb.com,661,305,MLB.com,None,1-866-815-7994
Mobil Gas,662,,Mobil Gas,,
Modells,663,,Modells,,
Moes Southwest Grill,664,,Moes Southwest Grill,,
MOJO Yogurt,665,,MOJO Yogurt,,
Montgomery Ward,666,,Montgomery Ward,,
Morton's Steakhouse,667,81,Morton's Steak House,https://premium.vcdelivery.com/v2/landrys/balancechecker.aspx,1-800-242-5353
Motherhood Maternity,668,,Motherhood Maternity,,
Movie Tavern,669,,Movie Tavern,,
Mr. Good Cents,670,,Mr. Good Cents,,
Nascar.com,671,,Nascar.com,,
Native New Yorker,672,,Native New Yorker,,
Naturalizer,673,,Naturalizer,,
NAU Clothing,674,,NAU Clothing,,
Nautica,675,367,Nautica,http://www.nautica.com/on/demandware.store/Sites-nau-Site/default/GiftCert-Purchase,1-866-376-4184
NBA Store,676,,NBA Store,,
Neiman Marcus,677,36,Neiman Marcus,http://www.neimanmarcus.com/assistance/assistance.jsp?view=gift_card,1-800-664-4465
Nestle Cafe,678,,Nestle Cafe,,
New York & Company,679,194,New York and Company,http://www.nyandcompany.com/nyco/static/help/gifts/?cid=aff_200001?#,
Newegg,680,,Newegg,,
NFLShop.com,681,303,NFLShop.com,None,1-877-635-7467
Nhl.com,682,,Nhl.com,,
Nike,683,43,Nike,"http://store.nike.com/us/en_us/?l=shop,gift_cards",1-800-806-6453
Nike Golf,684,,Nike Golf,,
Nine West,685,,Nine West,,
Ninety Nine,686,,Ninety Nine,,
Noah's New York Bagels,687,,Noah's New York Bagels,,
Noodle Express,688,,Noodle Express,,
Noodles & Co,689,,Noodles & Co,,
Nordstrom,690,78,Nordstrom,https://secure.nordstrom.com/services/checkbalance.asp?origin=leftnav,1-877-283-4045
Nordstrom Rack,691,,Nordstrom Rack,,
North Face,692,,North Face,,
Northern Tool,693,,Northern Tool,,
Not Your Average Joe's,694,,Not Your Average Joe's,,
Nutrisystem,695,,Nutrisystem,,
O'Charleys,699,326,O'Charleys,http://www.ocharleys.com/gift-cards/,1-866-956-0956
O'Reilly Auto Parts,715,67,O'Reilly Auto Parts,https://www.oreillyauto.com/site/fi/giftcard.oap,1-800-755-6759
Oakland Athletics,696,,Oakland Athletics,,
Oakley,697,,Oakley,,
Ocean State Job Lot,698,,Ocean State Job Lot,,
Off Broadway Shoes,700,,Off Broadway Shoes,,
Office Depot,701,98,Office Depot,https://www.officedepot.com/giftCardBalance.do,1-877-776-5056
OfficeMax,702,107,OfficeMax,https://www.officemax.com/cart/checkGiftCardBalance.jsp?cm_mmc=CJ-_-Skimlinks-_-OfficeMax+-+Homepage-_-7103042&affcode=CJ,1-800-283-7674
Old Chicago,703,,Old Chicago,,
Old Country Buffet,704,,Old Country Buffet,,
Old Navy,705,49,Old Navy,http://oldnavy.gap.com/browse/info.do?cid=35433#open,1-800-653-6289
Olive Garden,706,88,Olive Garden,https://gift.olivegarden.com/giftcard/balance.aspx,1-877-2364120
Ollies Barg Outlet,707,,Ollies Barg Outlet,,
Olympia Sports,708,,Olympia Sports,,
Omaha Steaks,709,126,Omaha Steaks,https://www.omahasteaks.com/servlet/OnlineShopping;jsessionid=7207D5AB83BFF03CB573B56FBD3B268E?Dsp=280,1-800-960-8400
On the Border,710,,On the Border,,
Orange Julius,712,,Orange Julius,,
Orange Leaf,713,,Orange Leaf,,
Orchard Supply Hardware,714,,Orchard Supply Hardware,,
Oriental Trading,716,,Oriental Trading,,
Origins,717,,Origins,,
Orvis,718,116,Orvis,https://www.orvis.com/store/orvisrewardsinquiry.aspx,1-800-242-5353
Osh Kosh Bgosh,719,290,OshKosh Bgosh,,
Outback Steakhouse,720,99,Outback Steakhouse,https://www.chasepaymentech.com/giftcardbalance/pages/inquiry.faces?rid=hCv6ac,1-800-242-5353
Overstock,721,216,Overstock,https://www.overstock.com/gift-cards/check-gift-card-balance.html?AID=10712286&PID=3349309&SID=skim37079X962414Xb847a85fbd7aedbb1c0bdf7daa830a95,
Owen's Market,722,150,Owen's ,https://www.gcbalance.com/CheckBalance.aspx,1-866-822-6252
P. F. Changs,724,,P.C. Richard & Son,,
P.C. Richard & Son,723,118,P.F. Chang's,https://www.pfchangs.com/giftcardbalance/,1-866-732-4264
PacSun,725,139,Pac Sun,https://www.pacsun.com/pacsun-gift-card-GIFTCARD.html,800-560-7166
Pagoda,726,,Pagoda,,
Palais Royal,727,,Palais Royal,,
Palm Beach Tan,728,,Palm Beach Tan,,
Palomino,729,,Palomino,,
Panda Express,730,258,Panda Express,http://www.pandaexpress.com/?popup=gift-card,
Pandora,731,,Pandora,,
Panera Bread,732,74,Panera Bread,https://www.paneracards.com/checkbalance.aspx?AspxAutoDetectCookieSupport=1,1-877-218-5366
Papa Gino's,733,,Papa Gino's,,
Papa Johns,734,,Papa Johns,,
Papa Murphy's,735,,Papa Murphy's,,
Papaya,736,,Papaya,,
Pappas Restaurants,737,,Pappas Restaurants,,
Pasta Pomodoro,738,,Pasta Pomodoro,,
Patagonia,739,310,Patagonia,https://www.patagonia.com/us/store/gcbalance.jsp,1-800-540-8831
Pathmark,740,302,Pathmark,None,1-800-219-0149
Payless Shoes,741,68,Payless Shoes Source,http://www.payless.com/giftcards/74935.html,800-294-5317
Payless Super Markets,1088,173,Payless Super Markets,https://www.gcbalance.com/CheckBalance.aspx,1-866-822-6252
Peebles,742,309,Peebles,None,1-800-743-8730
Peet's Coffee & Tea,743,,Peet's Coffee & Tea,,
Pei Wei,744,,Pei Wei,,
Pep Boys,745,231,Pep Boys,http://www.pepboys.com/gift_cards/,800-737-0254
Performance Bicycle,746,,Performance Bicycle,,
Perkins,747,341,Perkins,None,1-901-766-6400
Perry Ellis,748,,Perry Ellis,,
Pet Supermarket,749,272,Pet Supermarket,,
Pet Supplies,750,,Pet Supplies,,
Pet Supplies Plus,751,,Pet Supplies Plus,,
Pet Valu,752,,Pet Valu,,
Petco,753,38,Petco,http://www.petco.com/petco_Page_PC_gc.aspx,1-877-738-6742
PetSmart,755,111,PetSmart,http://www.petsmart.com/gsi/webstore/WFS/PETNA-PETUS-Site/en_US/-/USD/ViewGiftCardPages-DisplayLandingPage?,1-800-820-6189
Pfaltzgraff,756,,Pfaltzgraff,,
PGA Superstore,757,76,PGA Superstore,http://www.pgatoursuperstore.com/giftcards.jsp,
Phantom Gourmet,758,,Phantom Gourmet,,
Phillips 66,759,,Phillips 66,,
Piccadilly,760,,Piccadilly,,
Pick & Save,761,,Pick & Save,,
Pick-Up Stix,762,,Pick-Up Stix,,
Picture People,763,318,Picture People,None,1-877-968-476
Pier 1 Imports,764,119,Pier 1 Imports,https://wbiprod.storedvalue.com/WBI/lookupservlet?language=en,1-877-706-2049
Piggly Wiggly,765,,Piggly Wiggly,,
Pinkberry,766,,Pinkberry,,
Piperlime,767,292,Piperlime,,
Pita Jungle,768,,Pita Jungle,,
Pita Pit,769,,Pita Pit,,
Pizza Hut,770,146,Pizza Hut,https://order.pizzahut.com/home#,
Planet Hollywood,771,,Planet Hollywood,,
Planet Smoothie,772,,Planet Smoothie,,
Plato's Closet,773,,Plato's Closet,,
Play It Again Sports,774,257,Play it Again Sports,,
Polo Ralph Lauren,775,,Polo Ralph Lauren,,
Ponderosa/Bonanza,776,,Ponderosa/Bonanza,,
Port of Subs,777,,Port of Subs,,
Potbelly,778,,Potbelly,,
Pottery Barn,779,105,Pottery Barn,https://secure.potterybarn.com/customer-service/gift-services/svc-balance.html,1-888-779-5176
Pottery Barn Kids,780,,Pottery Barn For Kids,,
Pottery Barn Teen,781,,Pottery Barn For Teens,,
Publix Super Market,782,254,Publix Super Market,,
Puma,783,198,Puma,http://www.shop.puma.com/on/demandware.store/Sites-US-Site/en_US/GiftCard-Show?affID=21181&mktID=AFF:21181:PepperJam:2-156717:USA,888-565-PUMA
Pumpkin Patch,784,,Pumpkin Patch,,
Qdoba,785,,Qdoba,,
QFC,786,172,QFC- Quality Food Centers,https://www.gcbalance.com/CheckBalance.aspx,1-866-822-6252
Quaker Steak,787,,Quaker Steak,,
Quick Trip,788,,Quick Trip,,
Quiksilver,789,,Quiksilver,,
QuikStop,790,166,QuikStop,https://www.gcbalance.com/CheckBalance.aspx,1-866-822-6252
Quiznos,791,287,Quiznos,,
QVC,792,,QVC,,
Race Trac,793,,Race Trac,,
Rack Room Shoes,794,199,Rack Room Shoes,https://www.rackroomshoes.com/giftcards/balanceinquiry.asp,
RadioShack,795,245,Radio Shack,None,1-888-609-4620
Rainbow Shops,796,,Rainbow Shops,,
Rainbows Foods Store,797,,Rainbows Foods Store,,
Rainforest Cafe,798,,Rainforest Cafe,,
Raley's,799,,Raley's,,
Ralph Lauren,800,175,Ralph Lauren,http://www.ralphlauren.com/giftCertificates/giftcardBalance.jsp,
Ralphs,801,149,Ralph's ,https://www.gcbalance.com/CheckBalance.aspx,1-866-822-6252
Randalls,802,,Randalls,,
Rave Cinemas,803,,Rave Cinemas,,
Raymour & Flanigan,804,,Raymour & Flanigan,,
RC Willey,805,,RC Willey,,
Red Lobster,807,114,Red Lobster,https://gift.redlobster.com/GiftCard/Balance.aspx,1-877-720-6601
Red Robin,808,,Red Robin,,
Reebok,806,,Reebok,,
Regal Cinemas,809,96,Regal Entertainment,https://wbiprod.storedvalue.com/WBI/lookupservlet?language=en,1-800-291-8173
Regis Salon,811,,Regis Salon,,
REI,812,22,REI,https://www.rei.com/GiftCertificateBalance,1-800-426-4840
Restaurants Unlimited,813,,Restaurants Unlimited,,
Restoration Hardware,814,321,Restoration Hardware,None,1-800-910-9836
Rita,815,,Rita,,
Rite Aid,816,70,Rite Aid,https://wbiprod.storedvalue.com/WBI/lookupservlet?language=en,800-RITE-AID
Ritz Camera,817,,Ritz Camera,,
Road Runner Sports,819,,Road Runner Sports,,
Rock Bottom Restaurant & Brewery,820,,Rock Bottom Restaurant & Brewery,,
Rocky Mountain Chocolate Factory,821,,Rocky Mountain Chocolate Factory,,
Rodrigo's Mexican Grill,822,,Rodrigo's Mexican Grill,,
Rogers Jewelers,823,,Rogers Jewelers,,
Romano's Macaroni Grill,824,,Romano's Macaroni Grill,,
Ron Jon,825,,Ron Jon,,
Rooms To Go,826,,Rooms To Go,,
Roosters,827,,Roosters,,
Ross,828,232,Ross,,
Roy's Hawaiian Fusion,829,103,Roy's,,
Rubio's,830,,Rubio's,,
Ruby Tuesday,831,,Ruby Tuesday,,
Ruby's Diner,832,,Ruby's Diner,,
rue21,833,,rue21,,
Rugged Wearhouse,834,,Rugged Wearhouse,,
Runner's Point,1089,374,Runners Point,http://www.footlocker.com/catalog/gcbalanceform/?cm=57831P,
Rural King,835,,Rural King,,
Ruths Chris,836,259,Ruth's Chris Steak House,,
RUUM,837,,RUUM,,
Ryan's,838,,Ryan's,,
Safeway,839,226,Safeway,None,1-800-229-5855
Saks Fifth Avenue,840,29,Saks Fifth Avenue,https://www.saksfifthavenue.com/GiftCertificates/gift_certificate.jsp?bmUID=jJfGabO&,1-800-862-8517
Salad Works,841,,Salad Works,,
Sally Beauty Supply,842,,Sally Beauty Supply,,
Salon Wish,843,,Salon Wish,,
Sam Ash,844,,Sam Ash,,
Sam's Club,845,6,Sam's Club,http://www.walmart.com/cp/Gift-Cards/96894,1-888-537-5503
San Francisco Giants,846,,San Francisco Giants,,
Save A Lot,847,,Save A Lot,,
Save Mart Supermarkets,848,,Save Mart Supermarkets,,
Sbarro,849,,Sbarro,,
Schbach Jewelers,850,,Schbach Jewelers,,
Scheels,851,,Scheels,,
Schlotzsky's,852,,Schlotzsky's,,
Schnucks,853,,Schnucks,,
Scooter's,854,,Scooter's,,
Scott's Food,855,154,Scott's Food and Pharmacy,https://www.gcbalance.com/CheckBalance.aspx,1-866-822-6252
Scrubs & Beyond,856,,Scrubs & Beyond,,
Sears,857,32,Sears,http://www.sears.com/gclanding/nb-120000000208424,1-888-332-2218
Seasons 52,859,91,Seasons 52,,
See's Candies,860,,See's Candies,,
Sephora,861,15,Sephora,Checked through account page,1-888-860-7897
Shanes Rib Shack,864,,Shanes Rib Shack,,
Sharkys,865,,Sharkys,,
Sheetz,866,,Sheetz,,
Shell Gasoline,867,80,Shell,http://www.rpggiftcards.com/CheckCard/,1-800-300-8113
Shenk & Tittle,868,,Shenk & Tittle,,
Shoe Carnival,869,,Shoe Carnival,,
Shoe Land,870,,Shoe Land,,
Shoneys,871,,Shoneys,,
Shopko,872,,Shopko,,
Shoprite,873,,Shoprite,,
Showcase Cinemas,874,,Showcase Cinemas,,
Shutterfly,875,,Shutterfly,,
Side Step,876,375,Side Step,http://www.footlocker.com/catalog/gcbalanceform/?cm=57831P,
Sierra Trading Post,878,,Sierra Trading Post,,
Sing Sing,879,,Sing Sing,,
Six02,877,376,Six02,http://www.footlocker.com/catalog/gcbalanceform/?cm=57831P,
Sizzler,880,319,Sizzler,None,1-800-309-9863
Skagen,881,,Skagen,,
SKECHERS,882,207,Skechers,http://www.skechers.com/shop/gift-cards?aw_affid=78888&aw_gid=0&aw_bid=0&aw_pid=0&aw_cr=skim37079X962414X9cbe53979829437eb96e33937bca72ba&aw_sitename=Skimbit,
Sky Mall,883,,Sky Mall,,
Sky Restaurant,884,,Sky Restaurant,,
Skyline Chili,885,,Skyline Chili,,
Smart & Final,886,,Smart & Final,,
Smashburger,887,,Smashburger,,
Smith & Wollensky,889,,Smith & Wollensky,,
Smith's Food,888,152,Smith's Food and Drug Store,https://www.gcbalance.com/CheckBalance.aspx,1-866-822-6252
Smokey Bones,890,,Smokey Bones,,
Smoothie King,891,,Smoothie King,,
Soma,892,,Soma,,
Sonic,893,,Sonic,,
Sonnys BBQ,894,,Sonnys BBQ,,
Sony,895,108,Sony,http://store.sony.com/gsi/webstore/WFS/SNYNA-SNYUS-Site/en_US/-/USD/ViewProduct-Start?SKU=27-VIRTUALGC,1-866-671-7669
Sony Style,896,,Sony Style,,
Souper Salad,897,,Souper Salad,,
Souplantation,898,,Souplantation,,
Southwest Airlines,899,85,Southwest Airlines,https://www.southwest.com/gift-card/check-balance.html#check,1-866-393-2081
Spa & Wellness Gift Card by Spa Week,901,,Spa & Wellness Gift Card by Spa Week,,
Spa and Salon Wish,902,358,Spa and Salon Wish,None,1-888-772-9474
Spa Week,900,276,Spa Finder,,
SpaFinder Wellness,903,,Spa Week,,
Spaghetti Warehouse,904,,Spaghetti Warehouse,,
Specialty's Cafe & Bakery,905,,Specialty's Cafe & Bakery,,
Speedway Gas,906,244,Speedway Gas,None,1-866-836-6841
Speedway Motors,907,,Speedway Motors,,
Spencer's,908,,Spencer's,,
Spicy Cantina,909,,Spicy Cantina,,
Sport Chalet,910,,Sport Chalet,,
Sportman's Warehouse,914,322,Sportsmans Warehouse,https://wbiprod.storedvalue.com/WBI/lookupservlet?language=en,1-801-304-5801
Sports Authority,912,243,Sports Authority,None,1-877-720-6609
Sprouts Farmers Market,915,235,Sprouts Farmers Market,,
Staples,916,39,Staples,https://wbiprod.storedvalue.com/WBI/lookupservlet?language=en&brand_id=staples,1-888-609-6963
Starbucks Coffee,917,20,Starbucks,https://www.starbucks.com/card,1-800-782-7282
Starr Restaurants,918,,Starr Restaurants,,
Stater Brothers,919,,Stater Brothers,,
Steak & Ale,920,,Steak & Ale,,
Steak n Shake,921,186,Steak n Shake,https://premierissue.53.com/main.html,
Stein Mart,922,135,Stein Mart,http://www.steinmart.com/-cms-giftcard,
Steve Madden,923,,Steve Madden,,
Stoney River,924,,Stoney River,,
Stop & Shop,925,,Stop & Shop,,
Streets of NY,926,,Streets of NY,,
Stride Rite,927,,Stride Rite,,
Styles for Less,928,,Styles for Less,,
Subway,929,140,Subway,,
Sullivan Steakhouse,930,,Sullivan Steakhouse,,
Sunglass Hut,931,125,Sunglass Hut,http://www.sunglasshut.com/GiftCards?storeId=10152&catalogId=10101,None
Sunoco,932,,Sunoco,,
Super 1 Foods,933,,Super 1 Foods,,
SuperAmerica,934,,SuperAmerica,,
Supercuts,935,,Supercuts,,
Sur La Table,936,,Sur La Table,http://www.surlatable.com/category/CAT-11149/Gifts+and+Gift+Cards?affsrcid=AFF0002&utm_source=cj&utm_medium=affiliate&utm_campaign=Skimlinks&utm_PID=7103042,800-328-5412
Sushi Zushi,937,,Sushi Zushi,,
Swarovski,938,,Swarovski,,
Swatch,939,,Swatch,,866-379-2824
Sweet Tomatoes,940,,Sweet Tomatoes,,888-374-8360
Taco Bell,943,191,Taco Bell,https://www.tacobell.com/tacobell/giftcards/balance,
Taco Bueno,944,,Taco Bueno,https://tacobueno.myguestaccount.com/guest/,
Taco Cabana,945,,Taco Cabana,https://www.comdatab2c.com/giftcards.aspx?id=156,
Taco Johns,946,,Taco Johns,,
Taco Mac,947,,Taco Mac,,
Taco Time,948,,Taco Time,,
Tahoe Joe's,949,,Tahoe Joe's,,
Talbots,950,174,Talbots,https://www.talbots.com/online/giftcards/gift_cards_info.jsp?siteID=TnL5HPStwNw-yuamb4NU9kavlOFGW9jwZQ,
Tanger Outlets,951,,Tanger Outlets,https://www.getmybalance.com/,336-856-6100
Target,952,2,Target,https://www-secure.target.com/GuestGCCheckBalanceView#?lnk=X3Y0|X3Y0,1-800-544-2943
TCBY,953,,TCBY,http://www.tcby.com/my-tcby/,800-348-6311
Teavana,954,,Teavana,http://www.teavana.com/giftcards?cm_sp=GiftCntr-_-Cat-_-GiftCards&cm_mmc=LinkShare-_-TnL5HPStwNw-_-303268-_-1_10&siteID=TnL5HPStwNw-dZhABnnalT2uGUHK4gNUKw#,877-374-6583
Ted Baker,955,,Ted Baker,,619-331-9553
Teds Montana,956,,Teds Montana,http://www.tedsmontanagrill.com/store.html,
Tesoro,957,,Tesoro,,877-783-7676
Texas Roadhouse,958,223,Texas Roadhouse,https://www.chasepaymentech.com/giftcardbalance/pages/inquiry.faces?rid=CaWnef,
TGI Fridays,959,77,TGI Fridays,http://www.svmcards.net/fridays/ShowDetails.cfm?ProdID=61&CFID=10853657&CFTOKEN=14531288,1-888-284-5544
The Body Shop,960,,The Body Shop,,
The Capital Grille,961,94,The Capital Grille,https://gift.thecapitalgrille.com/giftcard/balance.aspx,1-888-820-7219
The Children's Place,962,184,The Children's Place,http://www.childrensplace.com/webapp/wcs/stores/servlet/en/usstore/content/gift-cards-us,
The Coffee Bean & Tea Leaf,963,,The Coffee Bean & Tea Leaf,http://www.coffeebean.com/store/giftcardstatus.aspx,800-832-5323
The Container Store,964,112,The Container Store,http://www.containerstore.com/giftcard/giftCardBalance.htm,1-877-877-0032
The Fish Market,965,,The Fish Market,,
The Fresh Market,966,,The Fresh Market,,800-689-2574
The Golf Warehouse,968,,The Golf Warehouse,http://www.tgw.com/giftcert/index.jsp?CP=ILC-MENU&nvbar=GiftCardsTab&siteID=TnL5HPStwNw-CmETq_IyifU.w0bXckPvoA&ls_affid=TnL5HPStwNw&SITE_ID=A0254&CID=LINKSHARE&utm_source=Linkshare&utm_medium=AffiliateTraction,888-746-7849
The Great Indoors,969,,The Great Indoors,http://www.sears.com/sears-gift-cards.html?sid=IAx20130502xSkimlinks,
The Habit Burger Grill,967,,The Habit Burger Grill,,
The Keg Steakhouse,970,,The Keg Steakhouse,https://www.kegsteakhouse.com/gift-cards/,
The Land of Nod,971,,The Land of Nod,,
The Limited,972,130,The Limited,http://www.thelimited.com/giftcertificate?utm_campaign=TnL5HPStwNw&utm_medium=affiliate&cid=AFC-LINK-TnL5HPStwNw,877-280-3687
The Melting Pot,973,,The Melting Pot,http://www.meltingpot.com/gift-card-balance.aspx,800-892-9449
The North Face,974,214,The North Face,https://www.thenorthface.com/gift-cards.html,800-242-5353
The Old Spaghetti Factory,975,,The Old Spaghetti Factory,https://osf.cardfoundry.com/giftcards.php?action=card_balance,800-757-1492 ext. 0
The Ritz Carlton,976,183,The Ritz Carlton,https://ritzcarltongiftcards.com/cws/ritz/consumer/clp/balance_check.py?start:true,877-317-8082
The Shoe Dept.,977,280,The Shoe Dept.,,
The Walking Company,978,270,The Walking Company,,800-642-9265
Ticketmaster,979,24,Ticketmaster,https://www.ticketmaster.com/giftcards/balance_inquiry,1-866-828-4400
TicketsNow,980,,TicketsNow,,
Tiffany & Co.,981,3,Tiffany and Co,http://www.tiffany.com/Shopping/giftcards.aspx,1-877-377-7512
Tiger Direct,982,,Tiger Direct,https://www.tigerdirect.com/secure/gc/bi.asp?SRCCODE=LINKSHARE&cm_mmc_o=-ddCjC1bELltzywCjC-d2CjCdwwp&utm_source=Linkshare&utm_medium=Affiliate&utm_campaign=TnL5HPStwNw&AffiliateID=TnL5HPStwNw-7qLDNYsHmdRs5.s6byLjow,800-800-8300
Tikatok,983,,Tikatok,,800-THE-BOOK
Tilly's,984,63,Tilly's,http://www.tillys.com/tillys/balance.aspx?AID=10462774&PID=7103042&SID=skim37079X962414Xc1fd9e45245fb319b6925af3c4b28cfc&source=36&affiliates=7103042&network=CJ&utm_source=Commission_Junction&utm_medium=affiliates&utm_content=7103042&utm_campaign=CJ_Affiliates,866-4TILLYS
Tilted Kilt,985,,Tilted Kilt,,
Tim Hortons,986,,Tim Hortons,http://timhortons.com/us/en/timcard/tim-card-balance-check.php,866-846-2273
Timberland,987,,Timberland,,800-545-6904
TJ Maxx,988,9,TJ Maxx,http://tjmaxx.tjx.com/store/browse/giftCards.jsp,
Togo's,989,,Togo's,https://www.valutec.net/customers/balance.aspx,866-708-6467
Tom Thumb,990,165,Tom Thumb,https://www.gcbalance.com/CheckBalance.aspx,1-866-822-6252
Tommy Bahama,991,182,Tommy Bahama!,https://www.chasepaymentech.com/giftcardbalance/pages/inquiry.faces?rid=wXqJse,1-800-242-5353
Tommy Hilfiger,992,,Tommy Hilfiger,http://uk.tommy.com/on/demandware.store/Sites-GB-Site/en_GB/GiftCard-Show?camp=AW&awc=3662_1444338892_b8ab7cd84a65f4d38ad408a7e1f6d4bf&utm_source=affiliatewindow&utm_medium=affiliate&utm_campaign=season&utm_term=78888&utm_content=deeplink&cmpid=ch:affiliate|dp:ecom|so:affiliatewindow|cp:ss15_springlooks_deeplink|co:uk|pi:78888|cr:deeplink,
Toms Shoes,993,,Toms Shoes,,
Tony Roma's,994,,Tony Roma's,,888-837-2100
Toppers,995,,Toppers Spa,,800-937-3529
Tops Grocery,996,,Tops Grocery,,
Topshop,997,,Topshop,https://portal.prepaytec.com/arcaccount/enquire?brand=topshop,866-853-8559
Torrid,998,,Torrid,,866-867-7431
Tory Burch,999,,Tory Burch,https://www.toryburch.com/giftcards,
Total Wine,"1,000",,Total Wine,,
Tourneau,"1,001",,Tourneau,,866-597-0595
"Toys""R""Us","1,002",33,Toys R Us,https://www.toysrus.com/checkout/checkAccountBalance.jsp,1-800-869-7787
Tractor Supply Company,"1,004",248,Tractor Supply Co,,888-529-4804
Trader Joe's,"1,005",249,Trader Joes,,888-556-6450
Tropical Smoothie Cafe,"1,006",221,Tropical Smoothie Cafe,http://www.tropicalsmoothie.com/check-balance,770-821-1900
True Religion Jeans,"1,007",,True Religion Jeans,Site Down,
True Value,"1,008",,True Value,https://truevalue.cashstar.com/balance/,888-729-7845
Tuesday Morning,"1,009",,Tuesday Morning,,
Tully's Coffee,"1,010",,Tully's Coffee,,
Tumi,"1,011",329,Tumi,http://www.tumi.com/s/gift-services,1-877-654-6937
Turkey Hill,"1,012",167,TurkeyHill,https://www.gcbalance.com/CheckBalance.aspx,1-866-822-6252
U.S. Polo Assn.,"1,013",,U.S. Polo Assn.,none,877-747-9285
UGG,"1,014",210,UGG,https://www.uggaustralia.com/giftcards?PID=10078&source=aff-ir,1-800-242-5353
ULTA,"1,015",72,Ulta,http://www.ulta.com/ulta/guestservices/giftCards.jsp,888-566-2736
Under Armour,"1,017",133,Under Amour,https://www.underarmour.com/shop/us/en/gift-card-landing,800-269-5986
Underground Station,"1,018",,Underground Station,none,866-316-0847
Uniform Advantage,"1,019",,Uniform Advantage,,
United Airlines,"1,020",,United Airlines,,
United Artists,"1,021",,United Artists,https://corporateboxoffice.com/gift-cards,800-784-8477
Uno Chicago Grill,"1,022",279,Uno Chicago Grill,http://www.unos.com/checkCard.html,800-242-5353
Urban Outfitters,"1,023",115,Urban Outfitters,https://www.urbanoutfitters.com/urban/help/gift_card_balance_check.jsp?null,1-800-920-5656
US Airways,"1,024",127,US Airways,http://www.usairways.com/en-US/traveltools/services/giftcards/balance.html,None
Valero,"1,025",,Valero,None,888-207-7214
Value City Furniture,"1,026",,Value City Furniture,http://www.valuecityfurniture.com/giftcard,1-800-353-2030
Van Heusen,"1,027",,Van Heusen,None,888-886-0089
Vanity,"1,029",,Vanity,none,866-247-7920
Vans,"1,030",263,Vans,http://www.vans.com/gift-card.html,888-691-8889
Vegas.com,"1,031",,Vegas.com,,
Vera Bradley,"1,032",,Vera Bradley,None,888-855-8372
Verizon Wireless,"1,033",,Verizon Wireless,http://www.verizonwireless.com/b2c/support/gift-card-balance?null,800-876-4141
VerizonPrepaid Card,"1,034",,VerizonPrepaid Card,http://www.verizonwireless.com/b2c/support/gift-card-balance?null,800-876-4141
Versona,"1,035",,Versona,,
VF Outlet,"1,036",,VF Outlet,None,1-866-950-9473
Victoria's Secret,"1,037",27,Victoria's Secret,https://www.victoriassecret.com/gifts/gift-cards,1-800-270-8999
Village Inn,"1,038",,Village Inn,https://premierissue.53.com/main.html,866-672-1243
Vineyard Vines,"1,039",,Vineyard Vines,None,800-892-4982
Virgin Megastore,"1,040",,Virgin Megastore,,
Vitamin Shoppe,"1,041",,Vitamin Shoppe,None,866- 293-3367
Von Maur,"1,042",213,Von Maur,https://www.vonmaur.com/gclookup.aspx,877-866-6287
Vons,"1,043",,Vons,None,877-723-3929
Walgreens,"1,044",227,Walgreens,,"16 Dig- 877-248-5555, 19 Dig- 866-922-7312"
Walmart,"1,045",5,Walmart,http://www.walmart.com/cp/Gift-Cards/96894,1-888-537-5503
Walnut Brewery,"1,046",,Walnut Brewery,http://www.rockbottomrestaurantsinc.com/giftcards/giftcardorder.php?c=WB&loc=wb,888-238-BREW
Wawa,"1,047",179,Wawa,https://www.wawa.com/CardBalance.aspx,In store
Wegmans,"1,048",,Wegmans,None,800-848-1555
Wendy's,"1,049",,Wendy's,https://www.wendys.com/en-us/wendys-gift-cards/giftcards/check-card-balance,866-936-1936
West Elm,"1,050",,West Elm,https://secure.westelm.com//customer-service/gift-services/svc-balance.html,800-846-0125
West Marine,"1,051",,West Marine,http://www.westmarine.com/gift-cards,800-262-8464
Western Sizzlin,"1,052",,Western Sizzlin,http://western-sizzlincom.myshopify.com/,800-247-8325
Westfield Gift Cards,"1,053",,Westfield Gift Cards,,
Wet Seal,"1,090",217,Wet Seal,http://www.wetseal.com/GiftCards,1-866-746-7938
Whataburger,"1,054",,Whataburger,https://giftcards.whataburger.com/giftcards/about,800-242-5353
White castle,"1,055",,White Castle,http://www.whitecastle.com/giftcard,614-559-2522
White House Black Market,"1,056",110,White House Black Market,https://www.whitehouseblackmarket.com/store/gift_cert_check_balance.jsp,1-877-948-2525
Whole Foods,"1,057",84,Whole Foods Market,http://www.wholefoodsmarket.com/gift-cards,1-855-368-5361
Wienerschnitzel,"1,058",,Wienerschnitzel,None,877-709-3647
Wild Wings Cafe,"1,059",,Wild Wings Cafe,,
Wildflower Bread Company,"1,060",,Wildflow Bread Company,,
Williams Sonoma,"1,061",106,Williams-Sonoma,https://secure.williams-sonoma.com/customer-service/gift-services/svc-balance.html,1-800-846-9817
Willy's Mexicana Grill,"1,062",,Willy's Mexicana Grill,None,404-252-6366
Wilsons Leather,"1,063",,Wilsons Leather,None,800-823-3670
Wingstop,"1,064",193,Wing Street,https://order.pizzahut.com/home#,
WingStreet,"1,065",,Wingstop,,
Winn Dixie,"1,066",,Winn Dixie,None,866-946-6349
Wolfgang Puck,"1,067",,Wolfgang Puck,http://www.wolfgangpuck.com/restaurants/gift-cards,310-392-9025
Wood Ranch,"1,068",,Wood Ranch,,
Worldwide Golf Shops,"1,070",,Worldwide Golf Shops,None,888-216-5252
Yankee Candle,"1,071",138,Yankee Candle,https://www.yankeecandle.com/gift-cards/check-balance,800-545-6882
Yard House,"1,072",93,Yard House,https://www.yardhouse.com/purchase/check-gift-card-balance,800-336-5336
Yogurtland,"1,073",,Yogurtland,http://www.yogurt-land.com/gift-card/,800-242-5353
Younkers,"1,074",369,Younkers,http://www.younkers.com/EGCBalance.html?utm_source=LSAFF&utm_medium=AFL&utm_campaign=LS&CID=LSAFF-AFL-LS&siteID=TnL5HPStwNw-1nIfDsVP2sX8BMzi7SOc6w,866-875-3233
Z Gallerie,"1,075",,Z Gallerie,http://www.zgallerie.com/t-giftcard-balance.aspx,800-862-7590
Zachary Prell,"1,076",,Zachary Prell,None,212-575-5660
Zales,"1,077",195,Zales,http://www.zales.com/giftcards/index.jsp,800-311-JEWEL (5393)
Zappos,"1,078",242,Zappos.com,None,1-800-927-7671
Zara,1079,,Zara,http://www.zara.com/us/en/kids/gift-card/check-balance-c295504.html,212-355-1415
Zaxby's,1080,,Zaxby's,None,1-866-892-9297
Zoe's Kitchen,1081,,Zoe's Kitchen,,
ZTejas,"1,082",,ZTejas,https://ztejas.myguestaccount.com/login/accountbalance.srv?id=pkrkPNn3Owo%3d,480-612-6380
Zumiez,1083,,Zumiez,http://www.zumiez.com/giftcards/index/balance,877-828-6929
